City_ID,City,Lat,Lng,Max Temp,Humidity,Cloudiness,Wind Speed,Country,Date
0,nyirbator,47.8333,22.1333,33.42,88,100,6.33,HU,1740542963
1,yanbu,24.0891,38.0637,68.04,40,40,6.91,SA,1740542965
2,bandon,51.7469,-8.7425,42.39,84,7,11.9,IE,1740542967
3,puerto natales,-51.7236,-72.4875,41.92,70,30,12.1,CL,1740542670
4,gulf shores,30.246,-87.7008,60.03,85,0,5.75,US,1740542763
5,irece,-11.3042,-41.8558,71.76,77,94,16.35,BR,1740542738
6,ilebo,-4.3167,20.5833,69.96,99,100,1.95,CD,1740542977
7,alofi,-19.0595,-169.9187,85.89,74,20,10.36,NU,1740542979
8,howard springs,-12.497,131.047,93.97,63,20,6.51,AU,1740542982
9,whakatane,-37.9585,176.9854,71.62,55,66,6.33,NZ,1740542984
10,ushuaia,-54.8,-68.3,36.7,99,99,1.92,AR,1740542914
11,punta arenas,-53.15,-70.9167,42.91,75,40,19.57,CL,1740542848
12,luderitz,-26.6481,15.1594,59.29,94,34,6.82,NA,1740542990
13,iqaluit,63.7506,-68.5145,-7.31,63,100,18.99,CA,1740542992
14,san luis de la loma,17.2706,-100.8939,75.15,83,0,3.91,MX,1740542994
15,lazaro cardenas,17.9583,-102.2,75.11,80,0,4.12,MX,1740542996
16,hawaiian paradise park,19.5933,-154.9731,74.88,81,40,5.75,US,1740542998
17,lihue,21.9789,-159.3672,78.75,78,0,4.61,US,1740543000
18,port-aux-francais,-49.35,70.2167,42.46,99,100,15.97,TF,1740543003
19,tolanaro,-25.0319,46.9987,76.86,86,96,6.78,MG,1740543005
20,kingston,17.997,-76.7936,76.15,83,75,9.22,JM,1740542777
21,port augusta,-32.5,137.7667,91.26,25,2,17.47,AU,1740543011
22,west island,-12.1568,96.8225,87.78,79,46,4.61,CC,1740543013
23,carira,-10.3608,-37.7011,72.3,83,14,5.99,BR,1740543015
24,thinadhoo,0.5333,72.9333,82.13,72,100,10.6,MV,1740543017
25,wailua homesteads,22.0669,-159.378,78.13,74,0,4.61,US,1740543020
26,saipan,15.1355,145.701,84.9,75,20,21.85,MP,1740543022
27,malinyi,-8.9333,36.1333,68.86,90,93,1.5,TZ,1740543024
28,acapulco de juarez,16.8634,-99.8901,80.42,74,20,2.3,MX,1740542813
29,nuuk,64.1835,-51.7216,29.01,80,75,50.0,GL,1740543028
30,st. john's,47.5649,-52.7093,39.15,95,100,14.97,CA,1740542956
31,qaqortoq,60.7167,-46.0333,28.8,97,100,13.71,GL,1740543032
32,atafu village,-8.5421,-172.5159,81.68,78,96,15.97,TK,1740543034
33,bilibino,68.0546,166.4372,-18.71,88,14,1.5,RU,1740543037
34,afaahiti,-17.75,-149.2833,80.47,78,34,12.66,PF,1740543039
35,bethel,41.3712,-73.414,41.94,81,40,1.99,US,1740542960
36,tiksi,71.6872,128.8694,-8.7,100,100,8.9,RU,1740543043
37,iskateley,67.6803,53.1512,31.77,99,100,4.88,RU,1740543045
38,banmankhi,25.8833,87.1833,74.7,30,0,4.76,IN,1740542958
39,adamstown,-25.066,-130.1015,78.96,77,6,11.5,PN,1740542846
40,haizhou,34.5817,119.1289,56.48,32,0,5.77,CN,1740543051
41,papatowai,-46.5619,169.4708,62.37,64,32,14.52,NZ,1740543053
42,san juan de uraba,8.7592,-76.5297,78.44,85,100,5.79,CO,1740543055
43,watertown,42.3709,-71.1828,42.91,77,0,4.61,US,1740542973
44,riachao das neves,-11.7461,-44.91,73.96,60,37,3.53,BR,1740543060
45,mammoth lakes,37.6485,-118.9721,33.35,50,0,4.61,US,1740543062
46,bamboo flat,11.7,92.7167,84.29,74,75,10.36,IN,1740543064
47,tazovsky,67.4667,78.7,-19.59,87,8,10.02,RU,1740543066
48,ribeira grande,38.5167,-28.7,59.77,92,100,1.99,PT,1740543068
49,edinburgh of the seven seas,-37.0676,-12.3116,63.59,84,62,7.65,SH,1740543070
50,grytviken,-54.2811,-36.5092,40.24,70,30,11.5,GS,1740543072
51,invercargill,-46.4,168.35,62.02,75,27,14.0,NZ,1740543074
52,longyearbyen,78.2186,15.6401,35.44,75,75,21.85,SJ,1740543077
53,waitangi,-43.9535,-176.5597,59.22,78,6,15.7,NZ,1740543079
54,yellowknife,62.456,-114.3525,-0.58,95,98,8.01,CA,1740542839
55,utrik,11.2278,169.8474,80.82,82,100,15.39,MH,1740543083
56,gizo,-8.103,156.8419,81.34,85,100,16.96,SB,1740543085
57,peniche,39.3558,-9.3811,49.44,91,94,12.06,PT,1740543087
58,douz,33.4663,9.0203,55.11,45,96,8.72,TN,1740543089
59,comodoro rivadavia,-45.8667,-67.5,52.16,51,3,7.92,AR,1740543091
60,blackmans bay,-43.0167,147.3167,81.52,27,100,6.69,AU,1740543093
61,college,64.8569,-147.8028,1.35,85,0,3.44,US,1740543095
62,albany,42.6001,-73.9662,37.24,94,100,6.91,US,1740543058
63,velika kladusa,45.1894,15.8117,47.8,89,100,4.56,BA,1740543100
64,port elizabeth,-33.918,25.5701,65.32,92,95,3.0,ZA,1740543102
65,akcakoca,41.0866,31.1162,30.13,88,61,4.79,TR,1740543104
66,thompson,55.7435,-97.8558,-0.81,100,93,4.18,CA,1740543106
67,champerico,14.3,-91.9167,82.4,68,67,3.58,GT,1740543108
68,salalah,17.0151,54.0924,78.89,44,0,12.66,OM,1740543110
69,valdovino,43.6094,-8.1115,42.76,89,63,8.57,ES,1740543112
70,san antonio oeste,-40.7319,-64.9477,63.9,75,20,30.67,AR,1740543116
71,galesong,-5.3166,119.3661,83.03,73,18,5.55,ID,1740543119
72,puerto el triunfo,13.2833,-88.55,78.58,83,83,2.84,SV,1740543121
73,port alfred,-33.5906,26.891,64.18,99,98,11.63,ZA,1740543123
74,ta`u,-14.2336,-169.5144,82.76,79,100,17.29,AS,1740543125
75,keflavik,64.0049,-22.5624,30.63,86,75,11.5,IS,1740543127
76,el bolson,-41.9667,-71.5167,51.75,90,79,1.54,AR,1740543129
77,rebrikha,53.0733,82.3408,16.99,87,94,4.32,RU,1740543131
78,akureyri,65.6835,-18.0878,24.73,80,75,8.05,IS,1740543133
79,marsh harbour,26.5412,-77.0636,70.83,73,1,13.94,BS,1740543135
80,badger,64.8,-147.5333,1.27,85,0,3.44,US,1740543137
81,gangapur,26.4833,76.7167,77.45,29,75,4.54,IN,1740543139
82,jamestown,42.097,-79.2353,34.41,95,100,2.73,US,1740542993
83,bandarbeyla,9.4942,50.8122,76.78,81,21,10.51,SO,1740543144
84,al quwayrah,29.8004,35.3116,34.48,53,97,3.49,JO,1740543146
85,puerto ayora,-0.7393,-90.3518,78.55,93,20,3.09,EC,1740543148
86,nkhata bay,-11.6066,34.2907,73.69,79,100,7.9,MW,1740543150
87,florence,43.7667,11.25,54.21,89,75,5.75,IT,1740543152
88,masterton,-40.9597,175.6575,60.37,97,99,4.83,NZ,1740543154
89,arkhangel'sk,64.5401,40.5433,21.31,93,0,4.47,RU,1740543156
90,al ain city,24.1917,55.7606,58.62,72,0,4.61,AE,1740543158
91,victoria,22.2855,114.1577,68.32,76,99,8.01,HK,1740542908
92,bredasdorp,-34.5322,20.0403,64.02,87,55,10.67,ZA,1740543162
93,sola,-13.8833,167.55,81.79,77,100,18.99,VU,1740543165
94,bicaz,46.9167,26.0667,27.21,93,8,4.45,RO,1740543167
95,leo,11.1,-2.1,67.35,18,2,8.86,BF,1740543169
96,margaret river,-33.95,115.0667,70.43,67,98,12.06,AU,1740543171
97,mount gambier,-37.8333,140.7667,74.41,42,100,9.89,AU,1740543173
98,nadi,-17.8,177.4167,87.8,66,75,10.36,FJ,1740543175
99,lampasas,31.2168,-98.2336,66.29,66,0,16.44,US,1740543177
100,motygino,58.1831,94.7592,21.52,92,100,13.0,RU,1740543179
101,langepas,61.2544,75.2124,21.07,96,100,10.76,RU,1740543181
102,usinsk,65.9939,57.5281,28.74,98,100,7.58,RU,1740543184
103,nova sintra,14.8667,-24.7167,72.21,71,0,17.81,CV,1740543186
104,klyuchi,52.2667,79.1667,17.44,81,23,8.16,RU,1740543188
105,aasiaat,68.7098,-52.8699,7.34,68,100,25.39,GL,1740543190
106,piti village,13.4626,144.6933,85.08,69,40,21.85,GU,1740543192
107,gadzhiyevo,69.2551,33.3362,34.77,98,100,14.38,RU,1740543194
108,nili,33.7218,66.1302,30.92,86,20,1.99,AF,1740543196
109,banda aceh,5.5577,95.3222,84.02,73,90,9.84,ID,1740543198
110,cidreira,-30.1811,-50.2056,76.98,93,24,11.65,BR,1740543200
111,longido,-2.7333,36.6833,62.62,80,85,8.52,TZ,1740543202
112,bubaque,11.2833,-15.8333,76.98,66,8,8.86,GW,1740543204
113,olonkinbyen,70.9221,-8.7187,26.29,92,100,22.19,SJ,1740543206
114,puerto baquerizo moreno,-0.9,-89.6,79.48,81,34,4.94,EC,1740543007
115,la passe,45.5549,-0.8967,46.9,86,82,6.64,FR,1740543211
116,hamilton,39.1834,-84.5333,46.44,80,0,4.0,US,1740543213
117,noumea,-22.2763,166.4572,82.0,99,82,17.65,NC,1740543215
118,carnarvon,-24.8667,113.6333,96.33,44,100,7.31,AU,1740543217
119,vorkuta,67.5,64.0,25.32,98,100,5.17,RU,1740543219
120,cockburn town,21.4612,-71.1419,77.68,79,16,1.48,TC,1740543015
121,vilyuchinsk,52.9306,158.4028,28.67,54,7,6.8,RU,1740543225
122,rio grande,-32.035,-52.0986,78.53,81,31,9.31,BR,1740543228
123,coahuayana de hidalgo,18.7,-103.6583,73.58,93,54,2.46,MX,1740543230
124,viseu de jos,47.7256,24.3661,28.8,79,58,3.62,RO,1740543234
125,camana,-16.6228,-72.7111,73.26,91,100,2.51,PE,1740543236
126,lebu,-37.6167,-73.65,57.9,89,5,15.93,CL,1740543238
127,kavaratti,10.5669,72.642,81.97,72,46,8.21,IN,1740543240
128,emerald,-23.5333,148.1667,94.98,5,0,19.1,AU,1740543242
129,talnakh,69.4865,88.3972,-19.7,81,6,2.3,RU,1740543244
130,port mathurin,-19.6833,63.4167,81.73,81,98,19.51,MU,1740543247
131,prieska,-29.6641,22.7474,70.54,64,0,13.47,ZA,1740543249
132,haiku-pauwela,20.9219,-156.3051,75.22,74,40,18.99,US,1740543251
133,minas de matahambre,22.5887,-83.9447,66.94,81,63,4.63,CU,1740543253
134,opelousas,30.5335,-92.0815,50.92,93,0,0.0,US,1740543119
135,gaspe,48.8334,-64.4819,29.48,97,100,0.92,CA,1740543098
136,omdurman,15.6445,32.4777,74.93,19,72,15.43,SD,1740543259
137,ust-nera,64.5667,143.2,-19.21,93,69,1.74,RU,1740543261
138,fort st. john,56.2499,-120.8529,37.29,70,40,18.41,CA,1740543248
139,port-gentil,-0.7193,8.7815,80.15,85,77,7.36,GA,1740543268
140,kone,-21.0595,164.8658,84.09,70,98,6.06,NC,1740543006
141,karratha,-20.7377,116.8463,99.77,37,17,8.88,AU,1740543272
142,jumla,29.2747,82.1838,51.62,18,87,5.17,NP,1740543274
143,quellon,-43.1167,-73.6167,51.66,89,86,5.41,CL,1740543276
144,chonchi,-42.6128,-73.8092,56.12,99,76,1.48,CL,1740543278
145,zhalantun,48.0,122.7167,26.22,64,39,11.21,CN,1740543280
146,tura,25.5198,90.2201,81.09,22,0,1.57,IN,1740543283
147,colonia,50.9333,6.95,46.96,92,75,12.66,DE,1740543087
148,roma,43.2128,-75.4557,38.68,99,100,6.91,US,1740543287
149,muroto-misakicho,33.2833,134.15,52.5,59,3,20.13,JP,1740543289
150,fale old settlement,-9.3852,-171.2468,81.68,79,97,14.03,TK,1740543291
151,kangiwa,12.5521,3.8187,69.53,15,19,11.12,NG,1740543293
152,tralee,52.2704,-9.7026,43.12,84,15,14.56,IE,1740543295
153,kirensk,57.7853,108.1119,18.86,90,100,15.03,RU,1740543297
154,kodiak,57.79,-152.4072,36.91,100,100,9.22,US,1740543299
155,ilulissat,69.2167,-51.1,14.02,52,40,32.21,GL,1740543301
156,lata,40.1629,-8.3327,40.05,95,32,2.8,PT,1740543303
157,makurazaki,31.2667,130.3167,52.41,49,100,15.28,JP,1740543306
158,paka,4.6374,103.4368,81.99,78,100,8.25,MY,1740543310
159,ancud,-41.8697,-73.8203,53.22,92,20,3.98,CL,1740543256
160,mayna,54.1135,47.6231,10.0,97,98,8.86,RU,1740543314
161,vorgashor,67.5833,63.95,24.22,98,100,4.27,RU,1740543316
162,taroa,8.7058,171.2275,80.74,84,100,16.62,MH,1740543320
163,parambu,-6.2111,-40.6944,69.37,81,10,1.39,BR,1740543322
164,suoyarvi,62.0833,32.35,21.47,93,100,6.22,RU,1740543324
165,ouesso,1.6136,16.0517,72.81,91,100,5.77,CG,1740543326
166,enewetak,11.3474,162.3373,80.26,73,100,20.24,MH,1740543329
167,severnoye,56.3491,78.3619,12.42,81,16,5.7,RU,1740543331
168,sinabang,2.4803,96.3801,84.33,71,90,5.5,ID,1740543335
169,isafjordur,66.0755,-23.124,23.83,86,98,8.03,IS,1740543337
170,oulmes,33.4258,-6.0014,45.9,71,85,1.52,MA,1740543339
171,yuzhno-kurilsk,44.0306,145.8556,32.32,94,23,16.8,RU,1740543341
172,acarau,-2.8856,-40.12,75.96,89,62,5.55,BR,1740543343
173,grand forks,47.9417,-97.4337,34.68,91,0,9.22,US,1740543348
174,udachny,66.4167,112.4,-13.67,93,100,15.59,RU,1740543350
175,lompoc,34.6391,-120.4579,54.7,93,0,16.11,US,1740543352
176,gazli,40.1333,63.45,26.96,85,10,4.45,UZ,1740543354
177,viedma,-40.8135,-62.9967,64.69,54,1,16.69,AR,1740543356
178,oamaru,-45.0784,170.9801,66.38,69,39,14.9,NZ,1740543358
179,abadeh,31.1608,52.6506,30.54,28,100,6.06,IR,1740543360
180,cozumel,20.5083,-86.9458,74.95,71,0,9.37,MX,1740543365
181,sandnessjoen,66.0217,12.6316,35.17,85,36,17.98,NO,1740543367
182,alotau,-10.3069,150.4462,86.74,64,97,2.53,PG,1740543375
183,san patricio,28.017,-97.5169,62.55,91,0,8.81,US,1740543377
184,constantia,44.1833,28.65,23.68,73,1,7.05,RO,1740543379
185,victorica,-36.2151,-65.4359,70.68,77,0,3.36,AR,1740543381
186,marka,1.7159,44.7717,76.6,87,21,14.76,SO,1740543384
187,withernsea,53.7311,0.0335,38.95,87,21,10.04,GB,1740543386
188,floro,61.5996,5.0328,39.16,93,100,5.75,NO,1740543388
189,mirnyy,62.5353,113.9611,5.59,96,100,10.56,RU,1740543390
190,tabou,4.423,-7.3528,79.2,86,79,6.08,CI,1740543392
191,myanaung,18.2833,95.3167,88.72,41,0,3.36,MM,1740543394
192,hithadhoo,-0.6,73.0833,82.54,72,69,11.14,MV,1740543120
193,mubende,0.5606,31.39,59.05,44,66,0.56,UG,1740543398
194,eureka,40.8021,-124.1637,47.59,94,6,4.54,US,1740543225
195,touros,-5.1989,-35.4608,79.21,76,50,8.1,BR,1740543403
196,weno,7.4515,151.8468,87.75,66,100,11.5,FM,1740543405
197,saint-philippe,-21.3585,55.7679,81.3,75,40,12.41,RE,1740543407
198,tacambaro de codallos,19.2333,-101.4667,61.03,52,0,4.94,MX,1740543409
199,nemuro,43.3236,145.575,37.58,65,31,26.91,JP,1740543413
200,bhimunipatnam,17.8833,83.4333,83.71,60,18,6.58,IN,1740543415
201,chabahar,25.2919,60.643,73.26,82,99,3.33,IR,1740543417
202,hermanus,-34.4187,19.2345,66.79,79,30,20.31,ZA,1740543419
203,duba,27.3513,35.6901,63.77,29,100,7.23,SA,1740543421
204,nouadhibou,20.931,-17.0347,66.18,48,0,9.22,MR,1740543423
205,ixtapa,20.7,-105.2,74.23,83,0,2.3,MX,1740543430
206,san jose,37.3394,-121.895,57.06,69,0,6.91,US,1740543147
207,sitka,57.0531,-135.33,42.69,81,75,3.44,US,1740543434
208,vila velha,-20.3297,-40.2925,75.15,100,40,3.44,BR,1740543436
209,whitehorse,60.7161,-135.0538,26.02,93,40,3.44,CA,1740543248
210,saint-germain-du-puy,47.1,2.4833,36.32,100,0,6.91,FR,1740543440
211,balti,47.7617,27.9289,28.29,50,25,5.32,MD,1740543442
212,marco island,25.9363,-81.7157,64.4,93,1,11.65,US,1740543444
213,kathu,7.9178,98.3332,87.69,70,88,23.13,TH,1740543447
214,coquimbo,-29.9533,-71.3436,62.33,94,100,5.75,CL,1740543449
215,knyaginino,55.8228,45.0349,3.72,100,100,3.02,RU,1740543451
216,staro nagorichane,42.1981,21.8286,41.99,89,100,4.12,MK,1740543453
217,peace river,56.2501,-117.286,39.51,70,75,11.5,CA,1740543448
218,rochester,43.1548,-77.6156,38.61,91,75,6.91,US,1740543457
219,al jawf,29.5,38.75,41.94,29,100,5.59,SA,1740543459
220,oroqen zizhiqi,50.5667,123.7167,17.76,64,46,7.56,CN,1740543461
221,mufumbwe,-13.6833,24.8,61.48,99,99,4.03,ZM,1740543463
222,rosales,15.8944,120.6328,89.58,41,77,10.45,PH,1740543466
223,aytos,42.7,27.25,26.02,92,12,0.56,BG,1740543468
224,wayne,42.2506,-83.2833,40.05,73,0,8.05,US,1740543470
225,arica,-18.475,-70.3042,70.03,73,0,5.75,CL,1740543472
226,medicine hat,50.0501,-110.6683,37.83,68,0,8.05,CA,1740543474
227,nar'yan-mar,67.6713,53.087,31.78,99,100,4.97,RU,1740543476
228,igarka,67.4667,86.5833,-20.63,89,5,10.36,RU,1740543478
229,anadyr,64.75,177.4833,-25.01,74,73,15.66,RU,1740543482
230,tula,54.2044,37.6111,13.32,98,78,3.71,RU,1740543485
231,chiredzi,-21.05,31.6667,69.89,98,64,4.41,ZW,1740543487
232,prado,-17.3411,-39.2208,75.51,88,5,6.31,BR,1740543489
233,puerto ayacucho,5.6639,-67.6236,81.57,67,64,5.91,VE,1740543491
234,stanley,54.868,-1.6985,32.52,92,27,3.44,GB,1740543495
235,bilara,26.1792,73.7056,80.02,22,100,4.52,IN,1740543497
236,tamandare,-8.7597,-35.1047,77.22,82,14,3.04,BR,1740543499
237,uige,-7.6087,15.0613,65.28,97,100,2.13,AO,1740543501
238,kuanda,56.3161,116.0806,4.96,82,98,1.16,RU,1740543504
239,pitimbu,-7.4706,-34.8086,78.62,77,7,6.58,BR,1740543506
240,mumford,5.2618,-0.759,79.61,90,71,7.18,GH,1740543508
241,sandalfoot cove,26.3392,-80.1876,64.98,87,0,8.05,US,1740543510
242,coyhaique,-45.5752,-72.0662,44.87,92,67,1.45,CL,1740543512
243,poyang,28.9924,116.6675,53.51,67,100,3.2,CN,1740543514
244,severo-yeniseyskiy,60.3725,93.0408,18.43,94,100,12.1,RU,1740543516
245,palikir - national government center,6.9248,158.1611,83.25,89,100,17.27,FM,1740543518
246,tocopilla,-22.092,-70.1979,71.8,78,79,3.18,CL,1740543520
247,elhovo,42.1667,26.5667,35.55,91,76,2.53,BG,1740543522
248,alaghsas,17.0187,8.0168,62.1,22,9,7.96,NE,1740543524
249,aberdeen,57.1437,-2.0981,35.26,86,87,4.61,GB,1740543527
250,puerto deseado,-47.7503,-65.8938,50.14,52,1,4.52,AR,1740543529
251,hammerfest,70.6634,23.6821,36.05,87,20,2.3,NO,1740543531
252,dudinka,69.4058,86.1778,-18.22,81,1,20.54,RU,1740543356
253,praia da vitoria,38.7333,-27.0667,61.05,88,40,10.4,PT,1740543535
254,avarua,-21.2078,-159.775,82.45,78,75,9.22,CK,1740543537
255,labrador city,52.9463,-66.9114,-14.89,76,0,2.3,CA,1740543539
256,kill devil hills,36.0307,-75.676,48.22,81,0,5.75,US,1740543541
257,fort bragg,35.139,-79.006,50.81,71,0,1.01,US,1740543543
258,east london,-33.0153,27.9116,65.34,94,100,2.3,ZA,1740543545
259,kapa'a,22.0752,-159.319,79.48,72,0,4.61,US,1740543548
260,bataipora,-22.2953,-53.2711,71.15,91,98,2.95,BR,1740543550
261,petropavlovsk-kamchatsky,53.0452,158.6483,27.19,37,20,8.95,RU,1740543552
262,yamada,39.4667,141.95,41.34,50,21,20.09,JP,1740543554
263,san clemente del tuyu,-36.3569,-56.7235,73.29,91,48,7.23,AR,1740543543
264,greymouth,-42.4667,171.2,63.63,62,24,7.76,NZ,1740543558
265,tuntum,-5.2581,-44.6489,72.25,99,60,2.75,BR,1740543560
266,minas de marcona,-15.2119,-75.1103,67.01,82,75,6.58,PE,1740543562
267,mil'kovo,55.6078,37.7956,20.62,55,100,3.53,RU,1740543564
268,antsiranana,-12.2787,49.2917,79.11,85,100,7.54,MG,1740543566
269,illizi,26.4833,8.4667,49.68,41,0,4.36,DZ,1740543568
270,sechura,-5.5569,-80.8222,79.9,72,53,8.97,PE,1740543571
271,ciudad altamirano,18.3167,-100.65,82.17,49,10,3.27,MX,1740543573
272,el colorado,-26.3081,-59.3729,88.79,42,51,9.44,AR,1740543370
273,maceio,-9.6658,-35.7353,76.44,94,20,2.3,BR,1740543317
274,cambria,35.5641,-121.0808,52.05,86,0,1.01,US,1740543579
275,lapeer,43.0514,-83.3188,37.92,87,100,5.68,US,1740543363
276,okha,53.5739,142.9478,10.15,81,100,9.66,RU,1740543431
277,lanzhou,36.0564,103.7922,43.63,35,0,1.36,CN,1740543585
278,sulak,43.2734,47.5146,23.13,76,100,24.25,RU,1740543587
279,borogontsy,62.6683,131.1683,4.06,91,100,8.72,RU,1740543589
280,fereydun kenar,36.6864,52.5225,37.53,51,39,6.4,IR,1740543591
281,moose jaw,50.4001,-105.5344,26.85,93,24,9.22,CA,1740543594
282,san borja,-14.8167,-66.85,75.7,88,63,1.05,BO,1740543596
283,bengkulu,-3.8004,102.2655,83.08,67,100,3.78,ID,1740543598
284,port macquarie,-31.4333,152.9167,81.07,69,15,5.99,AU,1740543600
285,masaya sur,16.497,121.7456,70.7,93,100,0.38,PH,1740543602
286,arraias,-12.9288,-46.9437,71.22,78,98,3.29,BR,1740543604
287,mahajanga,-15.7167,46.3167,80.55,79,99,6.11,MG,1740543606
288,rongelap,11.1635,166.8941,80.74,81,100,16.24,MH,1740543608
289,daru,-9.0763,143.2092,82.06,78,76,9.06,PG,1740543610
290,aioun,16.6614,-9.6149,59.49,26,0,10.74,MR,1740543612
291,palmer,42.1584,-72.3287,39.27,73,20,3.44,US,1740543614
292,jagtial,18.8,78.9333,82.4,37,15,5.64,IN,1740543617
293,okhotsk,59.3833,143.3,-2.7,81,56,7.67,RU,1740543619
294,flying fish cove,-10.4217,105.6791,83.88,78,82,8.05,CX,1740543568
295,dakhla,23.6848,-15.958,62.49,61,0,12.19,EH,1740543623
296,kamina,-8.7386,24.9906,62.31,96,100,2.15,CD,1740543625
297,korla,41.7597,86.1469,38.97,41,36,2.44,CN,1740543627
298,altay,47.8667,88.1167,23.92,69,1,2.35,CN,1740543629
299,bakanas,44.8081,76.2772,37.8,60,100,18.01,KZ,1740543631
300,dul'durga,50.6761,113.5931,29.1,58,82,12.95,RU,1740543633
301,mukalla,14.5425,49.1242,74.52,63,51,5.41,YE,1740543635
302,baruun-urt,46.6806,113.2792,22.89,40,0,15.82,MN,1740543637
303,bosaso,11.2842,49.1816,77.72,56,4,4.34,SO,1740543640
304,road town,18.4167,-64.6167,77.74,81,2,19.04,VG,1740543642
305,smithers,54.7804,-127.1743,34.12,100,75,2.3,CA,1740543644
306,wenchang,30.904,118.4887,58.33,46,100,4.29,CN,1740543648
307,georgetown,5.4112,100.3354,89.53,55,20,14.0,MY,1740543650
308,bang saphan,11.2126,99.5117,80.74,69,69,12.26,TH,1740543652
309,neka,36.6508,53.299,27.91,74,0,6.91,IR,1740543654
310,zag,46.9441,99.165,1.96,66,1,1.32,MN,1740543657
311,mount pearl,47.5166,-52.7813,38.32,96,100,14.97,CA,1740543453
312,hadibu,12.65,54.0333,77.34,74,32,8.68,YE,1740543661
313,ulladulla,-35.35,150.4667,78.42,66,0,20.45,AU,1740543663
314,dongcun,36.7767,121.1597,46.15,27,0,6.87,CN,1740543665
315,port said,31.2565,32.2841,55.08,57,66,13.44,EG,1740543667
316,la gi,10.6667,107.7833,85.23,59,84,22.19,VN,1740543669
317,gay,51.4666,58.4552,16.92,95,100,1.61,RU,1740543671
318,yima,34.7381,111.8839,51.93,24,1,8.23,CN,1740543675
319,santa ana,33.7456,-117.8678,63.05,75,20,0.0,US,1740543678
320,ak-suu,42.4995,78.527,36.63,82,92,2.95,KG,1740543680
321,sao paulo de olivenca,-3.3783,-68.8725,72.91,94,100,2.24,BR,1740543682
322,kaoma,-14.7833,24.8,64.27,94,99,5.84,ZM,1740543684
323,as sulayyil,20.4607,45.5779,49.69,48,33,12.41,SA,1740543686
324,saint-pierre,-21.3393,55.4781,85.68,66,0,5.75,RE,1740543688
325,murzuq,25.9155,13.9184,47.28,41,0,8.01,LY,1740543690
326,hamakita,34.8,137.7833,54.84,41,44,19.64,JP,1740543692
327,box elder,41.5005,-112.8764,40.35,49,2,8.19,US,1740543694
328,lethem,3.3803,-59.7968,76.78,67,20,6.6,GY,1740543697
329,uturoa,-16.7333,-151.4333,83.28,71,9,14.83,PF,1740543699
330,eyl,7.9803,49.8164,75.0,84,20,11.65,SO,1740543701
331,kalmunai,7.4167,81.8167,81.28,82,75,12.86,LK,1740543703
332,yemetsk,63.4721,41.7941,15.46,95,10,4.05,RU,1740543705
333,ubiaja,6.655,6.3869,75.4,87,99,4.41,NG,1740543707
334,urangan,-25.3,152.9,79.43,65,16,23.26,AU,1740543709
335,hasaki,35.7333,140.8333,56.73,22,2,10.09,JP,1740543711
336,promyshlennaya,54.9159,85.6385,13.12,80,96,2.73,RU,1740543713
337,elko,41.0002,-115.5012,35.15,62,0,1.03,US,1740543715
338,buka,40.8108,69.1986,31.6,100,100,9.51,UZ,1740543718
339,yerofey pavlovich,53.9667,121.9667,14.0,69,41,4.52,RU,1740543720
340,balassagyarmat,48.073,19.2961,36.97,84,100,2.21,HU,1740543722
341,barcelos,41.5388,-8.6151,42.35,93,38,3.69,PT,1740543724
342,luba,3.4568,8.5547,81.3,79,100,7.14,GQ,1740543726
343,chibougamau,49.9168,-74.3659,-7.98,84,20,5.75,CA,1740543728
344,kidal,18.4411,1.4078,62.29,19,0,9.89,ML,1740543730
345,honefoss,60.168,10.2565,32.81,97,99,3.31,NO,1740543732
346,azadshahr,34.7909,48.5707,16.29,62,0,9.22,IR,1740543660
347,padang,-0.9492,100.3543,87.85,61,81,3.76,ID,1740543579
348,ondjiva,-17.0667,15.7333,63.95,92,100,4.76,AO,1740543739
349,amahai,-3.3333,128.9167,83.08,72,100,9.24,ID,1740543741
350,kijang,35.2442,129.2139,49.73,39,78,9.44,KR,1740543743
351,tofol,5.3248,163.0078,80.38,89,100,5.75,FM,1740543745
352,sur,22.5667,59.5289,74.14,78,12,3.33,OM,1740543747
353,shetpe,44.1667,52.1167,22.55,89,100,2.37,KZ,1740543749
354,cabo san lucas,22.8909,-109.9124,68.76,31,24,7.0,MX,1740543751
355,villa de soto,-30.8552,-64.9995,77.36,65,31,12.66,AR,1740543754
356,afua,-0.1567,-50.3867,73.72,95,100,2.8,BR,1740543758
357,hohhot,40.8106,111.6522,39.49,13,0,4.47,CN,1740543760
358,north bend,43.4065,-124.2243,46.31,93,0,0.0,US,1740543762
359,labytnangi,66.6572,66.4183,9.81,92,96,18.63,RU,1740543764
360,praia,14.9215,-23.5087,68.54,68,0,11.5,CV,1740543766
361,san julian,21.0167,-102.1667,61.05,23,0,8.19,MX,1740543768
362,mata-utu,-13.2816,-176.1745,82.71,80,100,15.23,WF,1740543770
363,schriever,29.7421,-90.8104,55.98,94,0,1.99,US,1740543775
364,pyapon,16.2833,95.6833,88.83,48,0,7.43,MM,1740543777
365,ad dilam,23.9915,47.1627,47.68,20,83,5.03,SA,1740543779
366,cabugao,17.7931,120.4578,85.89,57,84,10.94,PH,1740543781
367,rabaul,-4.1967,152.1721,83.93,72,100,12.64,PG,1740543783
368,nova vicosa,-17.8919,-39.3719,75.7,88,7,5.14,BR,1740543785
369,zemio,5.0314,25.1361,76.44,27,49,3.15,CF,1740543787
370,ambagarh chauki,20.7833,80.7167,79.99,18,2,9.37,IN,1740543789
371,baikonur,45.6167,63.3167,23.04,90,12,7.9,KZ,1740543792
372,eforie sud,44.0229,28.6494,33.98,74,1,6.46,RO,1740543794
373,portland,45.5234,-122.6762,47.1,86,40,1.99,US,1740543772
374,sarmiento,-45.5882,-69.07,47.07,67,15,3.94,AR,1740543798
375,namibe,-15.1961,12.1522,71.2,80,100,7.92,AO,1740543800
376,crane,31.3974,-102.3501,66.24,20,0,12.1,US,1740543804
377,manokwari,-0.8667,134.0833,84.36,67,75,11.95,ID,1740543806
378,nova xavantina,-14.6667,-52.35,71.46,95,100,0.69,BR,1740543808
379,cabinda,-5.55,12.2,78.53,91,100,4.72,AO,1740543810
380,porto novo,6.4965,2.6036,82.22,87,70,4.56,BJ,1740543813
381,waingapu,-9.6567,120.2641,85.23,74,21,7.38,ID,1740543815
382,island harbour,50.724,-1.2758,41.0,91,16,3.0,GB,1740543817
383,dadukou,26.5479,101.7054,66.56,28,76,1.34,CN,1740543819
384,tual,-5.6667,132.75,81.59,80,100,18.75,ID,1740543821
385,reyes,-14.3167,-67.3833,73.9,99,99,1.68,BO,1740543823
386,tarauaca,-8.1614,-70.7656,73.49,97,82,1.81,BR,1740543825
387,pisco,-13.7,-76.2167,73.45,83,0,11.5,PE,1740543827
388,voranava,54.1483,25.3131,27.36,87,89,7.38,BY,1740543829
389,naze,28.3667,129.4833,56.32,71,100,10.27,JP,1740543831
390,banamba,13.55,-7.45,57.51,26,0,9.15,ML,1740543834
391,bramming,55.4695,8.7001,35.17,100,100,2.3,DK,1740543836
392,ilhabela,-23.7781,-45.3581,77.65,88,37,6.8,BR,1740543729
393,ola,59.5833,151.2833,5.61,71,100,7.85,RU,1740543840
394,la ronge,55.1001,-105.2842,25.05,80,100,2.3,CA,1740543842
395,pyshma,56.9523,63.2513,5.49,98,60,2.75,RU,1740543844
396,tsiombe,-25.3,45.4833,74.55,92,100,6.31,MG,1740543846
397,gangneung,37.7556,128.8961,47.86,25,0,12.44,KR,1740543652
398,santa cruz,-17.8,-63.1667,76.46,88,20,5.75,BO,1740543735
399,khandyga,62.6667,135.6,-2.02,86,100,6.22,RU,1740543852
400,ugoofaaru,5.6667,73.0,81.79,70,52,9.1,MV,1740543857
401,yeppoon,-23.1333,150.7333,79.84,69,63,24.45,AU,1740543859
402,caleta de carquin,-11.0925,-77.6267,74.32,82,82,7.72,PE,1740543861
403,almeria,37.1667,-2.3333,45.9,69,50,5.82,ES,1740543863
404,kushiro,42.975,144.3747,38.35,44,40,18.41,JP,1740543680
405,letlhakeng,-24.0944,25.0298,71.29,70,34,3.29,BW,1740543867
406,kalajoki,64.25,23.95,34.54,98,100,6.24,FI,1740543869
407,novopokrovskaya,45.9514,40.7006,2.26,98,61,2.86,RU,1740543871
408,lesozavodsk,45.4794,133.4244,21.02,73,34,14.34,RU,1740543873
409,shimanovsk,52.0,127.7,13.48,78,97,6.08,RU,1740543876
410,walvis bay,-22.9575,14.5053,64.22,84,82,3.78,NA,1740543878
411,lusambo,-4.9667,23.45,69.4,98,100,5.86,CD,1740543880
412,qui nhon,13.7667,109.2333,72.81,91,100,13.29,VN,1740543690
413,deggendorf,48.8333,12.9667,44.62,86,100,5.46,DE,1740543884
414,lorengau,-2.0226,147.2712,77.36,88,100,11.32,PG,1740543886
415,pontes e lacerda,-15.2261,-59.3353,72.77,91,99,2.64,BR,1740543888
416,linxi,39.7,118.4333,44.8,15,0,6.67,CN,1740543890
417,queenstown,-31.8976,26.8753,60.13,95,99,6.15,ZA,1740543892
418,fort mcmurray,56.7268,-111.381,22.59,79,100,4.61,CA,1740543894
419,mejit,10.2753,170.8646,81.28,82,95,18.37,MH,1740543896
420,sisimiut,66.9395,-53.6735,19.08,71,100,20.15,GL,1740543899
421,arraial do cabo,-22.9661,-42.0278,75.9,90,0,13.51,BR,1740543901
422,hosanagara,13.9167,75.0667,82.17,34,86,10.96,IN,1740543701
423,port lincoln,-34.7333,135.8667,76.48,60,17,14.76,AU,1740543909
424,morant bay,17.8815,-76.4093,76.33,83,52,2.66,JM,1740543825
425,ishigaki,24.3448,124.1572,69.93,60,75,6.91,JP,1740543915
426,wangqing,43.3218,129.7634,25.97,27,30,14.61,CN,1740543917
427,kailua-kona,19.6406,-155.9956,76.55,75,13,1.01,US,1740543920
428,revda,56.801,59.9303,14.02,98,100,4.27,RU,1740543922
429,nuku'alofa,-21.1333,-175.2,86.34,84,75,6.91,TO,1740543924
430,aral,40.5156,81.2636,40.8,31,100,0.6,CN,1740543926
431,gharyan,32.1722,13.0203,47.7,71,24,8.14,LY,1740543662
432,dampit,-8.2116,112.7493,81.19,79,84,2.24,ID,1740543930
433,kudahuvadhoo,2.6708,72.8944,82.29,77,13,15.55,MV,1740543932
434,horta,38.5333,-28.6333,59.02,91,100,1.99,PT,1740543934
435,larache,35.1932,-6.1557,57.94,87,100,5.32,MA,1740543936
436,khovd,48.0056,91.6419,4.15,79,43,4.21,MN,1740543938
437,thanh hoa,19.8,105.7667,62.38,87,100,2.95,VN,1740543940
438,trairi,-3.2778,-39.2689,76.46,87,36,4.0,BR,1740543788
439,firozpur jhirka,27.8,76.95,76.42,29,99,5.75,IN,1740543945
440,vadso,70.0744,29.7487,35.76,87,75,4.61,NO,1740543947
441,egilsstadir,65.2653,-14.3948,26.51,93,75,4.61,IS,1740543949
442,happy valley-goose bay,53.3168,-60.3315,12.51,62,20,8.05,CA,1740543951
443,zhezqazghan,47.7833,67.7667,19.98,86,75,22.37,KZ,1740543953
444,trinidad,-14.8333,-64.9,76.26,87,51,2.75,BO,1740543862
445,chui,-33.6971,-53.4616,74.79,89,98,0.13,UY,1740543959
446,san luis potosi,22.5,-100.5,54.7,58,0,6.4,MX,1740543961
447,guerrero negro,27.9769,-114.0611,59.18,90,100,6.6,MX,1740543849
448,tuzha,57.6062,47.936,1.85,100,79,1.3,RU,1740543966
449,kandyagash,49.4744,57.4233,1.85,100,99,7.0,KZ,1740543968
450,kilimatinde,-5.85,34.95,65.07,61,100,1.7,TZ,1740543970
451,honiara,-9.4333,159.95,79.77,92,100,6.44,SB,1740543972
452,aripuana,-9.1667,-60.6333,74.39,99,100,3.06,BR,1740543974
453,beloyarskiy,63.7119,66.6722,10.49,99,97,3.74,RU,1740543976
454,uacu cungo,-11.3634,15.1208,60.03,86,99,1.3,AO,1740543978
455,dalbandin,28.8947,64.4101,62.15,63,57,1.3,PK,1740543980
456,suva,-18.1416,178.4415,87.28,70,40,13.8,FJ,1740543982
457,ponta delgada,37.7333,-25.6667,63.32,94,75,9.22,PT,1740543984
458,cuyo,10.8525,121.0086,80.08,82,81,28.79,PH,1740543991
459,nyurba,63.2842,118.3319,0.34,89,100,3.33,RU,1740543993
460,tazacorte,28.629,-17.9293,63.57,63,100,9.22,ES,1740543995
461,lubango,-14.9172,13.4925,62.02,40,100,1.14,AO,1740543997
462,antalaha,-14.9003,50.2788,77.02,75,100,3.27,MG,1740543999
463,lagoa,39.05,-27.9833,59.38,84,100,16.71,PT,1740544001
464,sukumo,32.9333,132.7333,53.89,48,15,12.1,JP,1740544003
465,navolato,24.7672,-107.6944,64.58,82,92,5.03,MX,1740544006
466,togur,58.3631,82.8265,22.39,93,100,9.84,RU,1740544008
467,hakui,36.8833,136.7833,46.26,54,43,19.06,JP,1740544010
468,naracoorte,-36.9579,140.7383,88.59,14,71,14.38,AU,1740544012
469,fortuna,40.5982,-124.1573,47.32,92,0,4.61,US,1740544014
470,kulhudhuffushi,6.6221,73.07,82.11,68,12,7.14,MV,1740544016
471,selfoss,63.9331,-20.9971,31.05,80,82,4.29,IS,1740544018
472,bani walid,31.7566,13.9942,50.56,68,11,6.85,LY,1740544020
473,ghat,24.9647,10.1728,48.11,45,0,4.07,LY,1740544022
474,summerside,46.3959,-63.7876,35.73,87,100,11.5,CA,1740543924
475,mahikeng,-25.8652,25.6442,66.18,82,0,10.36,ZA,1740544027
476,idrinskoye,54.3708,92.1358,16.59,93,100,3.2,RU,1740544029
477,znamenskoye,57.1281,73.8282,10.24,91,52,2.42,RU,1740544031
478,alpena,45.0617,-83.4327,34.12,82,100,1.99,US,1740544033
479,ibotirama,-12.1853,-43.2206,75.2,62,98,2.01,BR,1740544035
480,polyarnyy,69.1989,33.4478,34.61,98,100,13.87,RU,1740544037
481,qarazhal,48.0078,70.7903,29.98,97,100,15.23,KZ,1740544039
482,mermoz boabab,14.7065,-17.4758,69.73,51,0,17.22,SN,1740544041
483,qulsary,46.9531,54.0198,12.4,95,100,1.79,KZ,1740544043
484,kismayo,-0.3582,42.5454,77.07,87,5,15.08,SO,1740544045
485,ballina,-28.8667,153.5667,77.86,63,6,11.48,AU,1740544047
486,new norfolk,-42.7826,147.0587,82.92,26,100,8.28,AU,1740544050
487,malango,-2.9627,119.9001,76.37,78,99,1.88,ID,1740544052
488,okahandja,-21.9833,16.9167,67.37,82,99,4.09,NA,1740544054
489,pont rouge,48.8833,-72.0825,15.44,92,100,6.8,CA,1740544056
490,sorong,-0.8833,131.25,82.15,74,100,5.99,ID,1740544058
491,ouarzazat,30.9189,-6.8934,44.89,36,0,4.61,MA,1740544060
492,nabire,-3.3667,135.4833,85.86,66,100,6.64,ID,1740544062
493,calabugao,8.4564,125.1589,74.89,76,92,4.88,PH,1740544064
494,papao,-17.75,-149.55,85.68,77,3,14.67,PF,1740544066
495,vryburg,-26.9566,24.7284,71.42,52,64,3.33,ZA,1740544068
496,mana,5.6592,-53.7767,75.87,84,5,7.38,GF,1740544071
497,cannonvale,-20.2833,148.7,78.19,69,50,22.06,AU,1740544073
498,zarghun shahr,32.8473,68.4457,42.73,64,2,22.26,AF,1740544075
499,belyy yar,53.6039,91.3903,10.29,85,100,0.0,RU,1740544077
500,abuja,9.0574,7.4898,77.14,25,100,0.85,NG,1740543797
501,onguday,50.75,86.15,19.74,75,15,3.36,RU,1740544081
502,ulsteinvik,62.3432,5.8487,44.31,85,100,4.0,NO,1740544083
503,vakhsh,37.7149,68.8346,34.02,100,100,2.24,TJ,1740544085
504,lugovoy,42.9472,72.7644,33.06,98,100,9.42,KZ,1740544087
505,rabo de peixe,37.8,-25.5833,62.11,94,75,9.22,PT,1740544089
506,nahiyat al fuhud,30.9697,46.7228,41.45,23,100,5.84,IQ,1740544092
507,hanceville,34.0607,-86.7675,49.15,88,0,2.95,US,1740544094
508,remire-montjoly,4.9167,-52.2667,77.04,88,40,2.3,GF,1740544096
509,cole harbour,44.6724,-63.4751,36.93,90,100,6.91,CA,1740544098
510,babat,-7.1128,112.1635,83.82,77,100,3.56,ID,1740544100
511,uren',57.4552,45.7852,5.52,97,66,4.27,RU,1740544102
512,callao,-12.0667,-77.15,75.72,88,40,6.91,PE,1740544104
513,laurentides,46.4334,-74.9826,32.23,98,100,6.46,CA,1740544106
514,novyy urengoy,66.0833,76.6333,-12.26,84,87,11.36,RU,1740544108
515,geraldton,-28.7667,114.6,93.61,38,98,11.5,AU,1740544110
516,prainha,-1.8,-53.48,73.65,96,100,3.29,BR,1740544113
517,mabaruma,8.2,-59.7833,69.57,100,4,1.28,GY,1740544115
518,antofagasta,-23.65,-70.4,69.08,81,79,1.97,CL,1740543903
519,boguchany,58.3814,97.4531,22.48,87,100,14.58,RU,1740544119
520,tokar,18.4254,37.729,72.37,69,100,14.63,SD,1740544121
521,ar ruways,24.1103,52.7306,60.51,56,61,15.21,AE,1740544123
522,letlhakane,-21.4167,25.5833,72.52,71,94,5.44,BW,1740544125
523,nuevo ideal,24.8875,-105.0728,56.48,20,0,7.56,MX,1740544128
524,qarah zia' od din,38.8915,45.0255,13.28,74,92,4.29,IR,1740544130
525,borodinskiy,53.9986,37.8179,10.15,98,84,4.85,RU,1740544132
526,recani,31.2846,-4.2688,53.78,42,82,2.66,MA,1740544134
527,whistler,50.1164,-122.9695,37.22,97,100,5.32,CA,1740544079
528,inhambane,-23.865,35.3833,78.78,94,75,11.5,MZ,1740543967
529,aliwal north,-30.6937,26.7114,61.18,80,0,8.7,ZA,1740544140
530,tomatlan,19.9333,-105.25,67.84,95,3,1.12,MX,1740544142
531,loango,-4.6719,11.8312,76.66,94,20,5.75,CG,1740544144
532,progreso,21.2833,-89.6667,71.73,65,35,4.74,MX,1740544146
533,san juan,-31.5375,-68.5364,84.61,49,36,4.68,AR,1740544099
534,darnah,32.767,22.6367,53.85,73,49,10.69,LY,1740544151
535,takoradi,4.8845,-1.7554,79.43,91,46,3.94,GH,1740544153
536,el charco,2.4769,-78.1105,75.96,95,100,2.44,CO,1740544155
537,crediton,50.7833,-3.65,42.06,95,78,13.02,GB,1740544157
538,trapani,37.8333,12.6667,56.34,88,40,8.05,IT,1740544159
539,nampula,-15.1165,39.2666,78.75,73,75,12.66,MZ,1740544161
540,chhor,25.5167,69.7667,80.35,33,92,7.4,PK,1740544163
541,cabedelo,-6.9811,-34.8339,79.47,77,12,7.67,BR,1740544167
542,vila franca do campo,37.7167,-25.4333,63.01,95,100,9.44,PT,1740544169
543,lesnoy,57.6198,63.0784,5.25,98,89,1.45,RU,1740544172
544,diego de almagro,-26.3667,-70.05,66.74,61,1,1.57,CL,1740544174
545,san rafael,-34.6177,-68.3301,74.52,66,0,1.74,AR,1740544177
546,berdigestyakh,62.0989,126.6992,9.39,83,100,7.09,RU,1740544179
547,nishinoomote,30.7333,131.0,57.76,58,75,20.71,JP,1740544181
548,warka,51.7843,21.1909,36.3,90,98,6.53,PL,1740544183
549,hutchinson island south,27.2995,-80.2205,61.03,96,70,1.99,US,1740544058
550,cooper's town,26.8667,-77.5167,71.01,76,43,13.87,BS,1740544187
551,arteche,12.2645,125.4048,80.51,80,99,14.76,PH,1740544189
552,troy,42.6056,-83.1499,39.67,77,0,9.22,US,1740544191
553,leava,-14.3,-178.1667,82.78,79,90,9.95,WF,1740544194
